"","Kingdom","Phylum","Class","Order","Family","Genus","Species"
"AAGCGAATGGAGCCAGCAAGGCATCCGGTTTGATTCAGCCGGTGGTCGTCGGCCCCCGTTCTCGGAGATCTTCGGACTCCGCGTTCGACGGCGTCTACGATTGCCGTGTGCACTTATTCCGGATGCGTGCCAACTTGGCTTGGTGACGGTCGATACGGACGGACGGGAAGGTAGCTTCTCTCGGGAAGTGTTACAGCCCCCCGCCCCGGATCGTCGCCGAGTGAGGAGTCGCGGTACGTGCTTTCGGGCTTGGGCCCCGTGGGCGGTCGGTCGCGCCTTCTGTTGACTGCACGCAGTGAGCGGAGGGACGACGGCAGGCTTCTCGCGGGTGTCCCGCAAACGTGCCTAGGAAGTTGGCGTGCAAATGGCTTTATCCGACC","Animalia","Ctenophora","Tentaculata","Thalassocalycida","Thalassocalycidae","Thalassocalyce",NA
"AAGCGAATGGAGCCAGCAAGGCATCCGGTTTGATTCAGCCGGTGGTCATTGGCCCTCGTTTGTAGGGATCTTCGGACTCTGCTTGCGATGGCGTCAGCGATTGCCGTGTGCACTTATTCCGGATGCGTGCCAACTTGACTTGGTGACGGTCGATACGGACGGATGGGAAGGTAGCTCTTCTCGGAGAGTGTTATAGCCCTTCGCCCTGGATCGTCGCCGAGTGAGGTGTCGCGGTACGTGCTTTCGGGCTTGGACCCTGTGGGCGGTCGGTCGCGCCTTCTGTTGACTGCACGCAGTGAGCGGAGGGACGACGGCTGGCTTTCCGTGGGTGTTCCGTATACGTGCCTAGGAAGTTGGCGTGCAAATGGCTTCATCCGACC","Animalia","Ctenophora","Tentaculata","Lobata","Ocyropsidae","Ocyropsis",NA
"AAACGAATGGAGCCAGCAAGGCATCCTGTTTGATTCAGCCGGTGGGCAGCGGCCCCCGGCCGGCGAGATCCATCCGGACTCGGCGGTCGACGGCGTCGCGGCTTGCCGTGTGCACTTATTCCGGGTGCGTGCCAACTTGGCTTGGTGACGGTCAACACGGTCGTATGGGAAGGTAGCTCTCCTCGGGGAGTATTATAGCCCTTCGTCCCGGATCGTCGCCGAGTGAGGTGTTGCGGTACGTGCCTCTTTTGGCTTGGGCCTCGTAGGTGGTCTGTCACGCCTAGTGTTGACTGCACGCAGTGAGCATTGGGTCGATGGCCGGCTGCCGGTGGGTGTCCCGTACACGTGCCTAGGAAGTTGGCGTGCAAATGGCTTCATCCGACC","Animalia","Ctenophora","Tentaculata","Cydippida","Pleurobrachiidae","Hormiphora",NA
"AAGCGAATGGAGCCAGCAAGGCACTCGGTTTGATTCAGCCGGTGGACGTTTGCCCCCGTCTGCGGAGACCTTCGGGCTCTTCGGGCGACGGCGCTGGCGTTTGCCGTGTACACTTATTCCGGGTGCGTGCCAACTTGGCTTGGTGACGGTCGAAACGGTCAGATGGGAAGGTAGCTCTCCTCGGGGAGTATTATAGCCCTTCGTCCCGGATCGTCGCCGAGTGAGGTGTTGCGGTACGTGCCTCTTTTGGCTTGGGCCTCGTTGGTGGTCTGTCACGCCTAGTGTTGACTGCACGCAGTGAGCATTGGGTCGATGGCCGGCTGCCGGTGGGTGTCCCGTACACGTGCCTAGGAAGTTGGCGTGCAAATGGCTTCATCCGACC","Animalia","Ctenophora","Tentaculata","Cydippida","Pleurobrachiidae",NA,NA
"AAGCGAATGGAGCCAGCAAGGCACTCGGTTTGATTCAGCCGGTGGACGTTTGCCCCCGTCTGCGGAGACCTTCGGGCTCTTCGGGCGACGGCGCTGGCGTTTGCCGTGTACACTTATTCCGGGTGCGTGCCAACTTGGCTTGGTGACGGTCGAAACGGTCAGATGGGAAGGTAGCTCTCCTCGGGGAGTATTATAGCCCTTCGTCCCGGATCGTCGCCGAGTGAGGTGTTGCGGTACGTGCCTCTTTTGGCTTGGGCCTCGTAGGTGGTCTGTCACGCCTAGTGTTGACTGCACGCAGTGAGCATTGGGTCGATGGCCGGCTGCCGGTGGGTGTCCCGTACACGTGCCTAGGAAGTTGGCGTGCAAATGGCTTCATCCGACC","Animalia","Ctenophora","Tentaculata","Cydippida","Pleurobrachiidae",NA,NA
"AAGCGAATGGAGCCAGCAAGGCACTCGGTTTGATTCAGCCGGTGGACGTTTGCCCCCGTTCGCGGTGACCCAATCGGGCTCCGCGGGCGACGGCGTAGGCGTTTCCCCGTGTGCACTTATTCCGGGTGCGTGCCAACTTGGCTTGGTGACGGTCGAAACGGTCAGGTGGGAAGGTAGCTCGCCCCTCGGGGTGAGTGTTATAGCCCTTTGTCCTGGATCGTCGCCGAGTGAGGAGTCGCGGTACGTGCTTTCGGGCTTGGGCCTCACGGGCGGTCGGTCGCGCCTTCTGTTGACTGCACGCAGTGAGCGGAGGGACGACGGCAGGCTTCCCGAGGGTGTCCCGTATACGTGCCTAGGAAGTTGGCGTGCAAATGGCTTCATCCGACC","Animalia","Ctenophora","Tentaculata","Cydippida","Callianiridae","Callianira",NA
"AAACGAATGGAGCCAGCAAGGCATCCTGTTTGATTCAGCCGGTGGCCGTTAGCCCCCTTCTGTGGTGATCCGTTTCGGACTCGCACGGGAGACGGCGTTGGCGGTTGCCGTGTGCACTTATTCAGGATGCGTGCCAACTTGGCTTGGTGACGGTCAACACGGTCAGCGCGGAAGGTAGCTCTCCTCGGGGAGTATTATAGCCCGCTGTCCCGGATCGTCGTCGAGTGAGGTGTTGCGGTACGTGCCTCTTGTGGGCTTGGGCCTCGTTGGTGGTCTGTCACGCCTAGTGTTGACTGCACGCAGTGAGCGGAGGGACGACGGATGGCGAGCAGAGGGTGTCTCGTACACGCATCTAGGAAGTTGGCGTGCAAATGGCTTTATCCGACC","Animalia","Ctenophora","Tentaculata","Cydippida","Pleurobrachiidae",NA,NA
"AAGCGAATGGAGCCAGCAAGGCACCCGGTCTCATTCAGCCGGTGGGCAGCGGCCCCCGGCCAGCCAGATCCTTCCGGACCGGTCGGCTGACGGCGTCGCGGCTTGCCGTGTGCACTTATTCAGGATGCGTGCCAACTTGGCTTGGTGACGGTCAACACGGTCAGCGCGGAAGGTAGCTCTCCTCGGGGAGTATTATAGCCCGCTGTCCCGGATCGTCGTCGAGTGAGGTGTTGCGGTACGTGCCTCTTGTGGGCTTGGGCCTCGTTGGTGGTCTGTCACGCCTAGTGTTGACTGCACGCAGTGAGCATTGGGTCGATGGCCGGCTTGCCTGATGGGTGTCCCGTACACGTGCCTAGGAAGTTGGCGTGCAAATGGCTTCATCCGACC","Animalia","Ctenophora","Tentaculata","Cydippida","Pleurobrachiidae",NA,NA
"AAGCGAATGGAGCCAGCAAGGCACCCGGTCTCATTCAGCCGGTGGGTGCGGGCCCCCGGTCGGCGAGATCCGTTCAGGACTCGTCGGTCGACGGCGTCTGCACTTGCCGTGTGCACTTATTCCGGGTGCGTGTCAACTTGGCTTGCGGACGGTCAACACGAACGGATGGGAAGGTAGCTTTCTCGGGTGAGTGTTATAGCCCGCTGTTCCGGATTGTCGGCGAGTGAGGTGTCGCGGTACGTGCTCTCGGGCTTGGGCCCCGTTGTCGGTCGGTCGCGCCTTCTGTTGACTGCACGCAGTGAGCGGAGGGACGACGGCAGGCTGGCGGTGGGTGTCCCGTAAACGTGCCTAGGAAGTTGACGTGCAAATGGCTTCATCCGACC","Animalia","Ctenophora","Tentaculata",NA,NA,NA,NA
"AAGCGAATGGAGCCAGCAAGGCACTCGGTTTGATTCAGCCGGTGGACGTTTGCCCCCGTTCGTGGAGACCTTCGGGCTCTGCGGGCGACGGCGCAGGCGTTTTACCGTGTGCACTTATTCAGGATGCGTGCCAACTTGGCTTGGTGACGGTCAACACGGTCGTATGGGAAGGTAGCTCTCCTCGGGGAGTATTATAGCCCTTCGTCCCGGATCGTCGCCGAGTGAGGTGTTGCGGTACGTGCCTCTTTTGGCTTGGGCCTCGTTGGTGGTCTGTCACGCCTAGTGTTGACTGCACGCAGTGAGCATTGGGTCGATGGCCGGCTGCCGGTGGGTGTCCCGTACACGTGCCTAGGAAGTTGGCGTGCAAATGGCTTCATCCGACC","Animalia","Ctenophora","Tentaculata","Cydippida","Pleurobrachiidae","Hormiphora",NA
"AAGCGAATGGAGCCAGCAAGGCACTCGGTTTGATTCAGCCGGTGGACGTCTGCCCCCGTCCGCGGAGACCTTCGGGCTCTTCGGGCGACGGCGCTGGCGTTTGCCGTGTGCACTTATTCCGGGTGCGTGCCAACTTGGCTTGGTGACGGTCGAAACGGTCAGATGGGAAGGTAGCTTGCTTCGGTGAGTGTTATAGCCCTTTGTCCTGGATCGTCGCCGAGTGAGGCGTCGCGGTACGTGCTTTCGGGCTTGGGCCTCGTGGGCGGTCGGTCGCGCCTTCTGTTGACTGCACGCAGTGAGCGGAGGGACGACGGCAGGCTTCCCGTGGGTGTCCCGTATAACGTGCCTAGGAAGTTGGCGTGCAAATGGCTTCATCCGACC","Animalia","Ctenophora","Tentaculata","Cydippida","Callianiridae","Callianira",NA
"AAGCGAATGGAGCCAGCAAGGCACTCGGTTTGATTCAGCCGGTGGTCGTCGGCCCCCGTTCTCGTCGATCTTCGGACTTCGGGAGCGACGGCGTTGATGGTTGCCGTGTGCACTTATTCCGGGTGCGTGCCAACTTGGCTTGAGGACGGTCAACACGGTCGTATGGGAAGGTAGCTCTCCTCGGGGAGTATTATAGCCCTTCGTCCCGGATCGTCGCCGAGTGAGGTGTTGCGGTACGTGCCTCTTTTGGCTTGGGCCTCGTTGGTGGTCTGTCACGCCTAGTGTTGACTGCACGCAGTGAGCATTGGGTCGATGGCCGGCTGCCGGTGGGTGTCCCGTACACGTGCCTAGGAAGTTGGCGTGCAAATGGCTTCATCCGACC","Animalia","Ctenophora","Tentaculata","Cydippida","Pleurobrachiidae","Hormiphora",NA
"AAGCGAATGGAGCCAGCAAGGCACCCGGTTTGATTCAGCCGGTGGTCGTCGGCCCCCGTGTGTGGCGATCTTCGGACGCTGCTAGCGACGGCGTTGACGGTCACCGTGTGCACTTATTCCGGGTGCGTGCCAACTTAGATTGGGGACGGTCGATACGGTCGGGTGGGAAGGTAACTCCTTCCGAGGAGCGTTACAGCCCCCCGTCCTGGATCGTCGCCGATCGAGGAGCTGCGGTGCGTGCTTTCGGGCTTGGGCCTCGTCGGAGGTTATTCGCGCCTTCTGTTGACTGCACGCAGTGAGCGGAGGGACGACGAGTGGCTTCTTTCGGGTGTCCCGTATACGCGCCTAGGAAGTTGGCGTGCAAATGGCTTTATCCGACC","Animalia","Ctenophora","Tentaculata",NA,NA,NA,NA
"AAGCGAATGGAGCCAGCAAGGCACCCGGTCTCATTCAGCCGGTGGGCAGCGGCCCCCGGCCAGCCAGATCCTTCCGGACTGGTTGGTCGACGGCGTTGCGGCTTGCCGTGTGCACTTATTCCGGGTGCGTGCCAACTTGGCTTGGTGACGGCCGACACGGGCGAGGTGGAAGGTAGCTTGCTCCGGCGAGTGTTATAGCCCTTCGTCCCGGATCGTCGCCGAGTGAGGTGTCGCGGTACGTGCTTTCGGGCTTGGGCCCTGTGGGTGGTCGGTCGCGCCTTCTGTTGACTGCACGCAGTGAGCATTGGGTCGATGGCCGGCTGCCGGTGGGTGTCCCGTACACGTGCCTAGGAAGTTGGCGTGCAAATGGCTTCATCCGACC","Animalia","Ctenophora","Tentaculata","Cydippida",NA,NA,NA
"AAGCGAATGGAGCCAGCAAGGCACCCGGTTTGATTCAGCCGGTGGTCGTTCGGCCCCCGTGGGACGTGATCTTCGGACTCGTCCTGCGACGGCGTCGGCGGTTACCGTGTGCACTTATTCCGAGTGCGTGCCAACTTGGCTTGGTGACGGTCGAAACGGTCGGATGGGAAGGTAGCTTCCTTCGGGAAGTGTTATAGCCCTTCGTCCCGGATCGTCGCCGAGTGAGGTGTCGCGGTACGTGCTTTCGGGCTTGGGCCCTGTGGGTGGTCGGTCGCGCCTTCTGTTGACTGCACGCAGTGAGCGGAGGGACGACGGATGGCGAGCAGAGGGTGTCTCGTACACGCATCTAGGAAGTTGGCGTGCAAATGGCTTTATCCGACC","Animalia","Ctenophora","Tentaculata","Cydippida","Mertensiidae","Mertensia",NA
"AAACGAATGGAGCCAGCAAGGCATCCTGTTTGATTCAGCCGGTGGCCGGTAGCCCCCGTCCTGCAGTGATCTTCGGACTCATGCGGGAGACGGCGTTGCTGGTTGCCGTGTGCACTTATTCAGGATGCGTGCCAACTTGGCTTGGTGACGGTCAACACGGTCGTATGGGAAGGTAGCTCTCCTCGGGGAGTATTATAGCCCTTCGTCCCGGATCGTCGCCGAGTGAGGTGTTGCGGTACGTGCCTCTTTTGGCTTGGGCCTCGTTGGTGGTCTGTCACGCCTAGTGTTGACTGCACGCAGTGAGCATTGGGTCGATGGCCGGCTGCCGGTGGGTGTCCCGTACACGTGCCTAGGAAGTTGGCGTGCAAATGGCTTCATCCGACC","Animalia","Ctenophora","Tentaculata","Cydippida","Pleurobrachiidae","Hormiphora",NA
"AAGCGAATGGAGCCAGCAAGGCATCCGGTTTGATTCAGCCGGTGGTCGTCGGCACCCGTTCTCGGAGATCTTCGGACTCTGCGTTCGACGTCGTCTACGATTGCCGTGTGCACTTATTCCGGGTGCGTGCCAACTTGGCTTGGTGACGGTCGATACGGACGGATGGGAAGGTGGCTTCTTTCGGGAAGTGTTACAGCCCTTCGCCCCGGATCGTCGCCGAGTGAGGAGTCGCGGTACGTGCTTTCGGGCTTGGGCCCCGTGGGCGGTCGGTCGCGCCTTCTGTTGACTGCACGCAGTGAGCGGAGGGACGACGGCAGGCTTCTCGCGGGTGTCCCGCAAACGTGCCTAGGAAGTTGGCGTGCAAATGGCTTTATCCGACC","Animalia","Ctenophora","Tentaculata","Thalassocalycida","Thalassocalycidae","Thalassocalyce",NA
"AAACGAATGGAGCCAGCAAGGCATCCTGTTTGATTCAGCCGGTGGCCGGTAGCCCCCGTCCTGCAGTGATCTTCGGACTCATGTGGGAGACGGCGTTGCCGGTTGCCGTGTGCACTTATTCAGGATGCGTGCCAACTTGGCTTGGTGACGGTCAACACGGTCGTATGGGAAGGTAGCTCTCCTCGGGGAGTATTATAGCCCTTCGTCCCGGATCGTCGCCGAGTGAGGTGTTGCGGTACGTGCCTCTTTTGGCTTGGGCCTCGTTGGTGGTCTGTCACGCCTAGTGTTGACTGCACGCAGTGAGCATTGGGTCGATGGCCGGCTGCCGGTGGGTGTCCCGTACACGTGCCTAGGAAGTTGGCGTGCAAATGGCTTCATCCGACC","Animalia","Ctenophora","Tentaculata","Cydippida","Pleurobrachiidae","Hormiphora",NA
"AAGCGAATGGAGCCAGCAAGGCATCCGGTTTGATTCAGCCGGTGGTCGTCGGCCCCCGTTCTCGGAGATCTTCGGACTCCGCGTTCGACGGCGTCTACGATTGCCGTGTGCACTTATTCCGGATGCGTGCCAACTTGGCTTGGTGACGGTCGATACGGACGGACGGGAAGGTAGCTTCTCTCGGGAAGTGTTACAGCCCCCCGCCCCGGATCGTCGCCGAGTGAGGAGTCGCGGTACGTGCTTTCGGGCTTGGGCCCTGTGGGCGGTCGGTCGCGCCTTCTGTTGACTGCACGCAGTGAGCGGAGGGACGACGGCAGGCTTCTCGCGGGTGTCCCGTAAACGTGCCTAGGAAGTTGGCGTGCAAATGGCTTTATCCGACC","Animalia","Ctenophora","Tentaculata","Thalassocalycida","Thalassocalycidae","Thalassocalyce","inconstans"
"AAGCGAATGGAGCCAGCAAGGCACTCGGTTTGATTCAGCCGGTGGCCGTCGGCCCCCGTCCGCGAAGATCTTCGGACTTTGCGGGCGACGGCGTTGGCGTTTGCCGTGTGCACTTATTCCGAGTGCGTGCCAACTTGGCTTGGTGACGGTCGAAACGGTCGGACGGGAAGGTAGCTCCTTTCGGGGAGTGTTATAGCCCTTCGTCCCGGATCGTCGCCGAGCGAGGAGTCGCGGTACGTGCTTTCGGGCTTGGGCCTCGTGGGTGGTCGGTCGCGCCTTCTGTTGACTGCACGCAGTGAGCGGAGGGACGACGGCAGGCTTCCCGTGGGTGTCCCGTATACGTGCCTAGGAAGTTGGCGTGCAAATGGCTTTATCCGACC","Animalia","Ctenophora","Tentaculata","Cydippida","Mertensiidae",NA,NA
"AAACGAATGGAGCCAGCAAGGCATCCTGTTTGATTCAGCCGGTGGCCGTTAGCCCCCTTCTGTGGTGATCCGTTTCGGACTCGCACGGGAGACGGCGTTGGCGGTTGCCGTGTGCACTTATTCAGGATGCGTGCCAACTTGGCTTGGTGACGGTCAACACGGTCAGCGCGGAAGGTAGCTCTCCTCGGGGAGTATTATAGCCCGCTGTCCCGGATCGTCGTCGAGTGAGGTGTTGCGGTACGTGCCTCTTGTGGGCTTGGGCCTCGTTGGTGGTCTGTCACGCCTAGTGTTGACTGCACGCAGTGAGCATTGGGTCGATGGCCGGCTTGCCTGATGGGTGTCCCGTACACGTGCCTAGGAAGTTGGCGTGCAAATGGCTTCATCCGACC","Animalia","Ctenophora","Tentaculata","Cydippida","Pleurobrachiidae",NA,NA
"AAGCGAATGGAGCCAGCAAGGCATCCGGTTTGATTCAGCCGGTGGTCATTGGCCCTCGTTTGTAGGGATCTTCGGACTCTGCTTGCGATGGCGTCAGCGATTGCCGTGTGCACTTATTCCGGATGCGTGCCAACTTGGCTTGGTGACGGTCGATACGGACGGATGGGAAGGTAGCTCTTCTCGGAGAGTGTTATAGCCCTTCGCCCTGGATCGTCGCCGAGTGAGGTGTCGCGGTACGTGCTTTCGGGCTTGGACCCTGTGGGCGGTCGGTCGCGCCTTCTGTTGACTGCACGCAGTGAGCGGAGGGACGACGGCTGGCTTTCCGTGGGTGTTCCGTATACGTGCCTAGGAAGTTGGCGTGCAAATGGCTTCATCCGACC","Animalia","Ctenophora","Tentaculata","Lobata","Ocyropsidae","Ocyropsis","crystallina"
"AAGCGAATGGAGCCAGCAAGGCACTCGGTTTGATTCAGCCGGTGGACGTTTGCCCCCGTTCGTGGAGACCTTCGGGCTCTGCGGGCGACGGCGCAGGCGTTTTACCGTGTGCACTTATTCCGGGTGCGTGCCAACTTGGCTTGGTGACGGTCGAAACGGTCAGATGGGAAGGTAGCTTGTTTCGGCGAGTGTTATAGCCCTTTGTCCTGGATCGTCGCCGAGTGAGGAGTCGCGGTACGTGCTTTCGGGCTTGGGCCTCTTGGGCGGTCGGTCGCGCCTTCTGTTGACTGCACGCAGTGAGCGGAGGGACGACGGCAGGCTTCCCGAGGGTGTCCCGTATACGTGCCTAGGAAGTTGGCGTGCAAATGGCTTCATCCGACC","Animalia","Ctenophora","Tentaculata","Cydippida","Callianiridae","Callianira",NA
"AAGCGAATGGAGCCAGCAAGGCATCCGGTTTGATTCAGCCGGTGGTCGTCGGCCCCCGTTCGCGGAGATCTTCGGACTTCGCGGACGACGGCGTCGACGATTGCCGTGTGCACTTATTCCGGGTGCGTGCCAACTTGGCTTGGTGACGGTCGATACGGACGGACGGGAAGGTAGCTTCCTTCGGGGAGTGTTACAGCCCTTCGCCCCGGATCGTCGCCGAGTGAGGAGTCGCGGTACGTGCTTTCGGGCTTGGGCCCCGTGGGCGGTCGGTCGCGCCTTCTGTTGACTGCACGCAGTGAGCGGAGGGACGACGGCAGGCTTTTCGCGGGTGTCCCGCATACGTGCCTAGGAAGTTGGCGTGCAAATGGCTTTATCCGACC","Animalia","Ctenophora","Tentaculata",NA,NA,NA,NA
"AAGCGAATGGAGCCAGCAAGGCACCCGGTCTCATTCAGCCGGTGGGTGCGGGCCCCCGGTCGGCGAGATCCGTTCAGGACTCGTCGGTCGACGGCGTCTGCACTTGCCGTGTGCACTTATTCCGGGTGCGTGTCAACTTGGCTTGCGGACGGTCAACACGAACGGATGGGAAGGTAGCTTGCTCCGGTGAGTGTTATAGCCCGCTGTTCCGGATTGTCGGCGAGTGAGGTGTCGCGGTACGTGCTCTCGGGCTTGGGCCCCGTTGTCGGTCGGTCGCGCCTTCTGTTGACTGCACGCAGTGAGCGGAGGGACGACGGCAGGCTGGCGGTGGGTGTCCCGTAAACGTGCCTAGGAAGTTGACGTGCAAATGGCTTCATCCGACC","Animalia","Ctenophora","Tentaculata",NA,NA,NA,NA
"AAGCGAATGGAGCCAGCAAGGCACCCGGTTTGATTCAGCCGGTGGTCGTAGGCCCCAGGTCGTGGAGATCAATAGACTCTTCGGCTGACGGCGTCTGCGATTGCCGTGTGCACTTATTCCGGGTGCGTGCCAACTTGGCTTGGTGACGATTGACACGGGCGTGATGGGAAGGTAACTCCCTTCGGGGAGCGTTATAGCCCTTCGTCCTAGATCGTCGTCGAGTGAGGTGTCGCGGTACGTGCTCTTTTGGGCTTGGGCCTCGTGGGCGGTCGGTCGCGCCTTCTGTTGACTGCACGCAGTGAGCGGAGGGACGACGGCAGGCTTCTCGTGTGTGTCCCGTATACGTGCCTAGGAAGTTGGCGTGCAAATGGCTTCATCCGACC","Animalia","Ctenophora",NA,NA,NA,NA,NA
"AAGCGAATGGAGCCAGCAAGGCACCCGGTTTGATTCAGCCGGTGGTCGTCGGCCCCCGTTCTCGTCGATCTTCGGACTTCGGGAGCGACGGCGTTGATGGTTGCCGTGTGCACTTATTCCGGGTGCGTGCCAACTTGGGCTGTTGACGATCGACACGGTCGGATGGGAAGGTAACTCCTCTCGAGGAGCGTTATAGCCCTTCGTCCCAGGTCGTCGGCGGCTGAGGAGTCGCGGTACGTGCTTTCGGGCTTTGGCCCTGTGGGTGGTCGGTCGCGCCTTCTGTTGACTGCACGCAGTGAGTGGAGGGACGACGGCAGGCTTCTCGTGGGTGTCCAGTATACGTACCTAGGAAGTTGGCGTGCAAATGGCTTTATCCGACC","Animalia","Ctenophora","Tentaculata","Cydippida",NA,NA,NA
"AAGCGAATGGAGCCAGCAAGGCACTCGGTTTGATTCAGCCGGTGGACGTTTGCCCCCGTTCGTGGAGACCTTCGGGCTCTGCGGGCGACGGCGCAGGCGTTTTACCGTGTGCACTTATTCCGGGTGCGTGCCAACTTGGCTTGGTGACGGTCGAAACGGTCAGATGGGAAGGTAGCTTGCTTCGGTAAGTGTTATAGCCCTTTGTCCTGGATCGTCGCCGAGTGAGGAGTCGCGGTACGTGCTTTCGGGCTTGGGCCTCTTGGGCGGTCGGTCGCGCCTTCTGTTGACTGCACGCAGTGAGCGGAGGGACGACGGCAGGCTTCCCGAGGGTGTCCCGTATACGTGCCTAGGAAGTTGGCGTGCAAATGGCTTCATCCGACC","Animalia","Ctenophora","Tentaculata","Cydippida","Callianiridae","Callianira",NA
"AAGCGAATGGAGCCAGCAAGGCACCCGGTTTGATTCAGCCGGTGGTCGTCGGCCCCCGTTCTCGTTGATCTTCGGACTTCGGGAGCGACGGCGTTGATGGTTGCCGTGTGCACTTATTCCGGGTGCGTGCCAACTTGGGCTGTTGACGATCGACACGGTCGGATGGGAAGGTAACTCCCTCCGGGGAGCGTTATAGCCCTCCGTCCCAGGTCGTCGACGGCTGAGGAGTCGCGGTACGTGCTTTCGGGCTTTGGCCCTGTGGGTGGTCGGTCGCGCCTTCTGTTGACTGCACGCAGTGAGTGGAGGGACGACGGCAGGCTTCTCGTGGGTGTCCAGTATACGTACCTAGGAAGTTGGCGTGCAAATGGCTTTATCCGACC","Animalia","Ctenophora","Tentaculata","Cydippida",NA,NA,NA
"AAGCGAATGGAGCCAGCAAGGCACCCGGTTTGACTCAGCCGGTGGTCGTGGGCCCCCGTCCTTGGTGATCTTCGGACTCGAAGGGCGACGGCGTCTGCGACTTCCGAGTGCACTTATTCCGGGTGCGTGCCAACTTGGCTTGGGGACGATCGACACGGACGGACGAGAAGGTAGCCTCCAGCAATGGGGGTGTTATAGCTCTCTGCCCCAGGTCGTCGCCGAGTGAGGTGTCGCGGTACGTGCTCTCGGGCTTGGGCCTCGTTGGTGGTCGGTCGCACCTTCTGTTGACTGCACGCAGTGAGCGGAGGGATGACGGCAGGCTTCCGGTGGGTGTCCCGTAAACGTACCTAGGAAGTTGGCGTGCAAATGGCTTTATCCGACC","Animalia","Ctenophora","Tentaculata",NA,NA,NA,NA
"AAGCGAATGGAGCCAGCAAGGCACCCGGTTTGATTCAGCCGGTGGTCGTGGGCCCCCGTCTGGGACGATCTTCGGACGTTGCGGGCGACGGCGCTTACGGTTGCCGTGTGCACTTATTCCGGGTGCGTGCCAACTTGGATTACTGACGATCGACACGGTCGGATGGGAAGGTAGCTCGCTTCGGTGAGTGTTATAGCCCTTCGTCCCAGGTCGTCGGTGATTGAGGAGCCGCGGTATGTGCTTTCGGGCTTCGGCCCTGTGGGCGGTCGGTCGGGCCTTCTGTTGACTGCACGCAGTGAATGGAGGGACCACGGCAGGCTTCTCGCGGGTGTCCGGTATACATACCTAGGAAGTTGGCGTGCAAATGGCTTCATCCGACC","Animalia","Ctenophora","Tentaculata","Cydippida","Lampeidae","Lampea",NA
"AAGCGAATGGAGCCAGCAAGGCACCCAGTTTGATTCAGCCGGTGGCCGGTAGCCCCCGTCCTGCAGTGATCTTCGGACTCATGTGGGAGACGGCGTTGCCGGTTGCCGTGTGCACTTATTCTGGGTGCGTGCCAACTTGGCTTGATGACGGTCGATACGGGCGGATGGGAAGGTAACTTCCTTTGGGAAGCATTATAGCCCTTCGTCCCAGATTGTCGTCGAGTGAGGTGTCGCGGTACGTGCTCTCTCGGGCTTGGGCTTCATGGGTGGTCGGTTGCGCCTTCTGTTGACTGCACGCAGTGAGCGGAGGGACGACGGCAGGCTTCTCGTGGATGTCCCGTATACGTGCCTAGGAAGTTGGCGTGCAAATGGCTTTATCCGACC","Animalia","Ctenophora","Tentaculata","Cydippida",NA,NA,NA
"AAGCGAATGGAGCCAGCAAGGCACTCGGTTTGATTCAGCCGGTGGCCGTCGGCCCCCGTCCGCGGAGATCTTCGGACTTCGCGGGCGACGGCGTTGGCGTTTGCCGTGTGCACTTATTCCGAGTGCGTGCCAACTTGGCTTGGTGACGGTCGAAACGGTCGGATGGGAAGGTAGCTCTCTCCGGGGAGTGTTATAGCCCTTCGTCCCGGATCGTCGCCGAGTGAGGTGTCGCGGTACGTGCTTTCGGGCTTGGGCCCTGTGGGTGGTCGGTCGCGCCTTCTGTTGACTGCACGCAGTGAGCGGAGGGACGACGGCAGGCTTCCCGCGGGTGTCCCGTATACGTGCCTAGGAAGTTGGCGTGCAAATGGCTTCATCCGACC","Animalia","Ctenophora","Tentaculata","Cydippida","Mertensiidae","Mertensia",NA
"AAGCGAATGGAGCCAGCAAGGCACTCGGTTTGATTCAGCCGGTGGCCGTCGGCCCCCGTCCGCGGAGATCTTCGGACTTCGCGGGCGACGGCGTTGGCGTTTGCCGTGTGCACTTATTCCGAGTGCGTGCCAACTTGGCTTGGTGACGGTCGAAACGGTCGGATGGGAAGGTAGCTACCCTCGGGTAGTGTTATAGCCCTTCGTCCCGGATCGTCGCCGAGTGAGGTGTCGCGGTACGTGCTTTCGGGCTTGGGCCCTGTGGGTGGTCGGTCGCGCCTTCTGTTGACTGCACGCAGTGAGCGGAGGGACGACGGCAGGCTTCTCGTGGGTGTCCCGTATACGTGCCTAGGAAGTTGGCGTGCAAATGGCTTCATCCGACC","Animalia","Ctenophora","Tentaculata","Cydippida","Mertensiidae","Mertensia",NA
"AAGCGAATGGAGCCAGCAAGGCACCCAGTTTGATTCAGCCGGTGGTCGTCGGCCCCCGGCCGTGGAGATCTTACGACTCTACGGTCGACGGCGTCGGTGATTGCTGAGTGCACTTATTCTGGGTGCGTGCCAACTTGGCTTGATGACGGTCGATACGGGCGGATGGGAAGGTAACTTCCTTTGGGAAGCATTATAGCCCTTCGTCCCAGATTGTCGTCGAGTGAGGTGTCGCGGTACGTGCTCTCTCGGGCTTGGGCTTCATGGGTGGTCGGTTGCGCCTTCTGTTGACTGCACGCAGTGAGCGGAGGGACGACGGCAGGCTTCTCGTGGATGTCCCGTATACGTGCCTAGGAAGTTGGCGTGCAAATGGCTTTATCCGACC","Animalia","Ctenophora","Tentaculata","Cydippida","Haeckeliidae","Haeckelia",NA
"AAGCGAATGGAGCCAGCAAGGCACTCGGTTTGATTCAGCCGGTGGACGTTTGCCCCCGTCCGCGGAGACCTTCGGGCTCTTCGGGCGACGGCGCTGGCGTTTGCCGTGTGCACTTATTCCGGGTGCGTGCCAACTTGGCTTGGTGACGGTCGAAACGGTCAGATGGGAAGGTAGCTTGCTTCGGTGAGTGTTATAGCCCTTTGTCCTGGATCGTCGCCGAGTGAGGCGTCGCGGTACGTGCTTTCGGGCTTGGGCCTCGTGGGCGGTCGGTCGCGCCTTCTGTTGACTGCACGCAGTGAGCGGAGGGACGACGGCAGGCTTCCCGTGGGTGTCCCGTATAACGTGCCTAGGAAGTTGGCGTGCAAATGGCTTCATCCGACC","Animalia","Ctenophora","Tentaculata","Cydippida","Callianiridae","Callianira",NA
"AAGCGAATGGAGCCAGCAAGGCACTCGGTTTGATTCAGCCGGTGGCCGTCGGCCCCCGTCCGCGGAGATCTTCGGACTTCGCGGGCGACGGCGTTGGCGTTTGCCGTGTGCACTTATTCCGAGTGCGTGCCAACTTGGCTTGGTGACGGTCGAAACGGTCGGATGGGAAGGTAGCTTCCTTCGGGAAGTGTTATAGCCCTTCGTCCCGGATCGTCGCCGAGTGAGGTGTCGCGGTACGTGCTTTCGGGCTTGGGCCCTGTGGGTGGTCGGTTGCGCCTTCTGTTGACTGCACGCAGTGAGCGGAGGGACGACGGCAGGCTTCTCGTGGGTGTCCCGTATACGTGCCTAGGAAGTTGGCGTGCAAATGGCTTCATCCGACC","Animalia","Ctenophora","Tentaculata","Cydippida","Mertensiidae","Mertensia",NA
"AAGCGAATGGAGCCAGCAAGGCATCCGGTTTGATTCAGCCGGTGGTCGTCGGCCCCCGTTCGCGGAGATCTTCGGACTCTGCGGGCGACGGCGCCGACGATTGCCGTGTGCACTTATTCCGGGTGCGTGCCAACTTGGCTTGGTGACGGTCGACACGGACGGATGGGAAGGTAGCTTCTCTCGGGGAGTGTTACAGCCCTTCGCCCCGGATCGTCGCCGAGTGAGGTGTCGCGGTACGTGCTTTCGGGCTTGGGTCCCGTGGGCGGTCGGTCGCGCCTTCTGTTGACTGCACGCAGTGAGCGGAGGGACGACGGCAGGCTTCTCGCGGGTGTCCCGTATACGTGCCTAGGAAGTTGGCGTGCAAATGGCTTTATCCGACC","Animalia","Ctenophora","Tentaculata",NA,NA,NA,NA
"AAGCGAATGGAGCCAGCAAGGCATCCGGTTTGATTCAGCCGGTGGTCGTCGGCCCCCGTCCCCGGAGATCCTCGGACTCTGGCGGGCGACGGCGTCGACGATTGCCGTGTGCACTTATTCCGGGTGCGTGCCAACTTGGCTTGGTGACGGTCGACACGGACGGACGGGAAGGTAGCTTCCCTCGGGGAGTGTTACAGCCCTCCGCCCCGGATCGTCGCCGAGTGAGGTGCCGCGGTACGTGCTTTCGGGCTTGGGCCCCGCGGGCGGTCGGTCGCGCCTTCTGTTGACTGCACGCAGTGAGCGGAGGGACGACGGCAGGCTTCCCGCGGGTGTCCCGTATACGTGCCTAGGAAGTTGGCGTGCAAATGGCTTTATCCGACC","Animalia","Ctenophora","Tentaculata","Lobata","Lampoctenidae","Lampocteis",NA
"AAACGAATGGAGCCAGCAAGGCATCCTGTTTGATTCAGCCGGTGGCCGGTAGCCCCCGTCCTGCAGTGATCTTCGGACTCATGTGGGAGACGGCGTTGCTGGTTGCCGTGTGCACTTATTCAGGATGCGTGCCAACTTGGCTTGGTGACGGTCAACACGGTCGTATGGGAAGGTAGCTCTCCTCGGGGAGTATTATAGCCCTTCGTCCCGGATCGTCGCCGAGTGAGGTGTTGCGGTACGTGCCTCTTTTGGCTTGGGCCTCGTTGGTGGTCTGTCACGCCTAGTGTTGACTGCACGCAGTGAGCATTGGGTCGATGGCCGGCTGCCGGTGGGTGTCCCGTACACGTGCCTAGGAAGTTGGCGTGCAAATGGCTTCATCCGACC","Animalia","Ctenophora","Tentaculata","Cydippida","Pleurobrachiidae","Hormiphora",NA
"AAACGAATGGAGCCAGCAAGGCATCCTGTTTGATTCAGCCGGTGGCCGGTAGCCCCCGTCCTGCAGTGATCTTCGGACTCATGTGGGAGACGGCGTTGCCGGTTGCCGTGTGCACTTATTCAGGATGCGTGCCAACTTGGCTTGGTGACGGTCAACACGGTCGTATGGGAAGGTAGCTCTCCTCGGGGAGTATTATAGCCCTTCGTCCCGGATCGTCGCCGAGTGAGGTGTTGCGGTACGTGCCTCTTTTGGCTTGGGCCTCGTAGGTGGTCTGTCACGCCTAGTGTTGACTGCACGCAGTGAGCATTGGGTCGATGGCCGGCTGCCGGTGGGTGTCCCGTACACGTGCCTAGGAAGTTGGCGTGCAAATGGCTTCATCCGACC","Animalia","Ctenophora","Tentaculata","Cydippida","Pleurobrachiidae","Hormiphora",NA
"AAGCGAATGGAGCCAGCAAGGCACCCAGTTTGATTCAGCCGGTGGTCGTCGGCCCCTGCCCGTGGAGATCTTTTGACTCTACGGTCAACGGCGTCGATGATTGCTGAGTGCACTTATTCTGGGTGCGTGCCAACTTGGCTTAGCGACGGTCGAAACGGGTGGATGGGAAGGTAACTCTCTTCGGGGAGCATTATAGCCCTTCATCCTGGATCGTTGCTGAGTGAGGTGTCGCGGTACGTGCTCTCTCGGGCTTGGGTCTCGTGGGTGGTTTGTCGCGCCTTCTGTTGACTGCACGCAGTGAGCGGAGGGACGACGGCAGGCTTCTCGTGGGTGTCCCGTATACGTGCCTAGGAAGTTGGCGTGCAAATGGCTTTATCCGACC","Animalia","Ctenophora","Tentaculata","Cydippida","Haeckeliidae","Haeckelia",NA
"AAGCGAATGGAGCCAGCAAGGCACTCGGTTTGATTCAGCCGGTGGACGTCTGCCCCCGTCCGCGGAGACCTTCGGGCTCTTCGGGCGACGGCGCTGGCGTTTGCCGTGTGCACTTATTCAGGATGCGTGCCAACTTGGCTTGGTGACGGTCAACACGGTCAGCGCGGAAGGTAGCTCTCCTCGGGGAGTATTATAGCCCGCTGTCCCGGATCGTCGTCGAGTGAGGTGTTGCGGTACGTGCCTCTTGTGGGCTTGGGCCTCGTTGGTGGTCTGTCACGCCTAGTGTTGACTGCACGCAGTGAGCATTGGGTCGATGGCCGGCTTGCCTGATGGGTGTCCCGTACACGTGCCTAGGAAGTTGGCGTGCAAATGGCTTCATCCGACC","Animalia","Ctenophora","Tentaculata","Cydippida","Pleurobrachiidae",NA,NA
"AAACGAATGGAGCCAGCAAGGCATCCTGTTTGATTCAGCCGGTGGCCGTTAGCCCCCTTCTGTGGTGATCCGTTTCGGACTCGCACGGGAGACGGCGTTGGCGGTTGCCGTGTGCACTTATTCAGGATGCGTGCCAACTTGGCTTGGTGACGGTCAACACGGTCAGCGCGGAAGGTAGCTCTCCTCGGGGAGTATTATAGCCCGCTGTTCCGGATTGTCGGCGAGTGAGGTGTCGCGGTACGTGCTCTCGGGCTTGGGCCCCGTTGTCGGTCGGTCGCGCCTTCTGTTGACTGCACGCAGTGAGCGGAGGGACGACGGCAGGCTGGCGGTGGGTGTCCCGTAAACGTGCCTAGGAAGTTGACGTGCAAATGGCTTCATCCGACC","Animalia","Ctenophora","Tentaculata","Cydippida",NA,NA,NA
"AAGCGAATGGAGCCAGCAAGGCACTCGGTTTGATTCAGCCGGTGGCCGTCGGCCCCCGTCCGCGGAGATCTTCGGACTTCGCGGGCGACGGCGTTGGCGTTTGCCGTGTGCACTTATTCCGGGTGCGTGCCAACTTGGCTTGGGGACGATCGATGCGGTCGGACGAGTAGGCTTCGGCAGCTCGCCGTCCCGGATCGTCGCCGAGTGAGGAGCTGCGGTGCGTGCTTTCGGGCTTGGGCTTCGCGGACGGTCGTTCGCGCCTTCTGTTGACTGCACGCAGTGAGCGGAGGGACGACGGGCGGCTGTCTGCGGACGTCCCGTATACGCGCCTAGGAAGTTGGCGTGCAAATGGCTTTATCCGACC","Animalia","Ctenophora","Tentaculata","Cydippida",NA,NA,NA
"AAGCGAATGGAGCCAGCAAGGCACCCAGTTTGATTCAGCCGGTGGTCGTCGGCCCCCGGCCGTGGAGATCTTAAGACTCTACGGTCGACGGCGTCGGTGATTGCTGAGTGCACTTATTCTGGGTGCGTGCCAACTTGGCTTGATGACGGTCGATACGGGCGGATGGGAAGGTAACTTCCTTTGGGAAGCATTATAGCCCTTCGTCCCAGATTGTCGTCGAGTGAGGTGTCGCGGTACGTGCTCTCTCGGGCTTGGGCTTCATGGGTGGTCGGTTGCGCCTTCTGTTGACTGCACGCAGTGAGCGGAGGGACGACGGCAGGCTTCTCGTGGATGTCCCGTATACGTGCCTAGGAAGTTGGCGTGCAAATGGCTTTATCCGACC","Animalia","Ctenophora","Tentaculata","Cydippida","Haeckeliidae","Haeckelia",NA
"AAGCGAATGGAGCCAGCAAGGCACTCGGTTTGATTCAGCCGGTGGCCGTCGGCCCCCGTCCGCGGAGATCTTCGGACTTCGCGGGCGACGGCGTTGGCGTTTGCCGTGTGCACTTATTCCGAGTGCGTGCCAACTTGGCTTGGTGACGGTCGAAACGGTCGGATGGGAAGGTAACTTCCTTTGGGAAGCATTATAGCCCTTCGTCCCAGATTGTCGTCGAGTGAGGTGTCGCGGTACGTGCTCTCTCGGGCTTGGGCTTCATGGGTGGTCGGTTGCGCCTTCTGTTGACTGCACGCAGTGAGCGGAGGGACGACGGCAGGCTTCTCGTGGATGTCCCGTATACGTGCCTAGGAAGTTGGCGTGCAAATGGCTTTATCCGACC","Animalia","Ctenophora","Tentaculata","Cydippida","Mertensiidae","Mertensia",NA
"AAACGAATGGAGCCAGCAAGGCATCCTGTTTGATTCAGCCGGTGGCCGGTAGCCCCCGTCCTGCAGTGATCTTCGGACTCATGTGGGAGACGGCGTTGCCGGTTGCCGTGTGCACTTATTCAGGATGCGTGCCAACTTGGCTTGGTGACGGTCAACACGGTCGTATGGGAAGGTAGCTCGCTTCGGTGAGTGTTATAGCCCTTCGTCCCAGGTCGTCGGTGATTGAGGAGCCGCGGTATGTGCTTTCGGGCTTCGGCCCTGTGGGCGGTCGGTCGGGCCTTCTGTTGACTGCACGCAGTGAATGGAGGGACCACGGCAGGCTTCTCGCGGGTGTCCGGTATACATACCTAGGAAGTTGGCGTGCAAATGGCTTCATCCGACC","Animalia","Ctenophora","Tentaculata","Cydippida","Pleurobrachiidae","Pleurobrachia",NA
"AAGCGAATGGAGCCAGCAAGGCACCCGGTTTGATTCAGCCGGTGGTCGTCGGCCCCCGCGTGTAGCGATCTTCGGACGCTGCTAGCGACGGCGTTGACGGTCACCGTGTGCACTTATTCCGGGTGCGTGCCAACTTGGATTGGGGACGGTCGATACGGTCGGGTGGGAAGGTAACTTCCTTCGGGGAGCGTTACAGCCCCCCGTCCTGGATCGTCCCCGATTGAGGAGCTGCGGTGCGTGCTTTCGGGCTTGGGCCTCGTCTGAGGTTATTCGCGCCTTCTGTTGACTGCACGCAGTGAGCGGAGGGACGACGAGTGGCTTCTATCGGGTGTCCCGTATACGCGCCTAGGAAGTTGGCGTGCAAATGGCTTTATCCGACC","Animalia","Ctenophora","Tentaculata",NA,NA,NA,NA
"AAGCGAATGGAGCCAGCAAGGCACCCGGTCTCATTCAGCCGGTGGGTGCGGGCCCCCGGTCGGCGAGATCCGTTCAGGACTCGTCGGTCGACGGCGTCTGCACTTGCCGTGTGCACTTATTCAGGATGCGTGCCAACTTGGCTTGGTGACGGTCAACACGGTCAGCGCGGAAGGTAGCTCTCCTCGGGGAGTATTATAGCCCGCTGTCCCGGATCGTCGTCGAGTGAGGTGTTGCGGTACGTGCCTCTTGTGGGCTTGGGCCTCGTTGGTGGTCTGTCACGCCTAGTGTTGACTGCACGCAGTGAGCATTGGGTCGATGGCCGGCTTGCCTGATGGGTGTCCCGTACACGTGCCTAGGAAGTTGGCGTGCAAATGGCTTCATCCGACC","Animalia","Ctenophora","Tentaculata","Cydippida","Pleurobrachiidae",NA,NA
"AAGCGAATGGAGCCAGCAAGGCACTCGGTTTGATTCAGCCGGTGGACGGCGGCCCCCGTTCGTGGTGATCTTCGGACTCCGCGGGCGACGGCGTCGACGTTTGCCGTGTGCACTTATTCCGGGTGCGTGCCAACTTGGCTTGGTGACGGTCGAAACGGTCGGAAGGGAAGGTAACTCGCTTCGGCGAGCATTATAGCCCTCTGTCCTGGATCGTCGCCGAGTGAGGTGTCGCGGTACGTGCTTTCGGGCTTGGGCCTCGTGGGCGGTCGGTCGCGCCTTCTGTTGACTGCACGCAGTGGACGGAGGGACGACGGCAGGCTTCTCGTGGGTGTCCCGTATACGTGCCTAGGAAGTTGGCGTGCAAATGGCTTCATCCGACC","Animalia","Ctenophora","Tentaculata","Cydippida","Callianiridae","Callianira",NA
"AAGCGAATGGAGCCAGCAAGGCACCCGGTTTGATTCAGCCGGTGGTCGTGGGCCCCCGTCTGGGACGATCTTCGGACGTTGCGGGCGACGGCGCTTACGGTTGCCGTGTGCACTTATTCCGGGTGCGTGCCAACTTGGATTACTGACGATCGACACGGTCGGATGGGAAGGTAGCTCGCTTCGGTGAGTGTTATAGCCCTTCGTCCCAGGTCGTCGGTGATTGAGGAGCCGCGGTATGTGCTCTCGGGCTTCGGCCCTGTGGGCGGTCGGTCGGGCCTTCTGTTGACTGCACGCAGTGAATGGAGGGACCACGGCAGGCTTCTCGCGGGTGTCCGGTATACATACCTAGGAAGTTGGCGTGCAAATGGCTTCATCCGACC","Animalia","Ctenophora","Tentaculata","Cydippida","Lampeidae","Lampea",NA
"AAGCGAATGGAGCCAGCAAGGCACTCGGTTTGATTCAGCCGGTGGCCGTCGGCCCCCGTCCGCGGAGATCTTCGGACTTCGCGGGCGACGGCGTTGGCGTTTGCCGTGTGCACTTATTCCGAGTGCGTGCCAACTTGGCTTGGTGACGGTCGAAACGGTCGGATGGGAAGGTAGCTTCCTTCGGGAAGTGTTATAGCCCTTCGTCCCGGATCGTCGCCGAGTGAGGTGTCGCGGTACGTGCTTTCGGGCTTGGGCCCTGTGGGTGGTCGGTCGCGCCTTCTGTTGACTGCACGCAGTGAGCGGAGGGACGACGGCAGGCTTCTCGTGGGTGTCCCGTATACGTGCCTAGGAAGTTGGCGTGCAAATGGCTTCATCCGACC","Animalia","Ctenophora","Tentaculata","Cydippida","Mertensiidae","Mertensia",NA
"AAGCGAATGGAGCCAGCAAGGCACCCTGTTTGATTCAGCCGGTGGTCGTCGGCCCCCAGCTGTGGAGATCTTACGACTCTACGGTTGTCGGCGTCGGTGATTGCTGAGTGCACTTATTCAGGGTGCGTGCCAACTTGGCTTGATAACGGTCGATACGGGCGGATGGGAAGGTAACTTCCTTCGGGAAGCATTATAGCCCTTCGTCCCAGATTGTTGTCGAGTGAGGTGTCGCGGTACGTGCTCTTTTGGGCTTGGGCTTCGTGGGTGGTCGGTCGCGCCTTCTGTTGACTGCACGCAGTGAGCGGAGGGACGACGGCAGGCTTCTCGTGGATGTCCCGTATACGTGCCTAGGAAGTTGGCGTGCAAATGGCTTCATCCGACC","Animalia","Ctenophora","Tentaculata","Cydippida","Haeckeliidae","Haeckelia",NA
"AAGCGAATGGAGCCAGCAAGGCACTCGGTTTGATTCAGCCGGTGGCCGTCGGCCCCCGTCCGCGGAGATCTTCGGACTTCGCGGGCGACGGCGTTGGCGTTTGCCGTGTGCACTTATTCCGAGTGCGTGCCAACTTGGCTTGGTGACGGTCGACACGGGCGTGGCGGAAGGTAGCTTGCTCCGGCGAGTGTTATAGCCCCGCGTCCCAGGCCGTCGTCGAGTGAGGTGTTGCGATGCGTGCCTTCGGGCTTGAGCCCCGCTGTTGGTCGGTCGCGCCTTCTGTTGACTGCACGCAGTGAGCGGAGGGACGACGGCAGGCTTCTCGTGGGTGTCCCGTATACGTGCCTAGGAAGTTGGCGTGCAAATGGCTTCATCCGACC","Animalia","Ctenophora","Tentaculata","Cydippida","Mertensiidae","Mertensia",NA
"AAACGAATGGAGCCAGCAAGGCATCCTGTTTGATTCAGCCGGTGGCCGTTAGCCCCCTTCTGTGGTGATCCGTTTCGGACTCGCACGGGAGACGGCGTTGGCGGTTGCCGTGTGCACTTATTCAGGATGCGTGCCAACTTGGCTTGGTGACGGTCGAAACGGTCAGATGGGAAGGTAGCTTGCTTCGGTGAGTGTTATAGCCCTTTGTCCTGGATCGTCGCCGAGTGAGGCGTCGCGGTACGTGCTTTCGGGCTTGGGCCTCGTGGGCGGTCGGTCGCGCCTTCTGTTGACTGCACGCAGTGAGCGGAGGGACGACGGCAGGCTTCCCGTGGGTGTCCCGTATAACGTGCCTAGGAAGTTGGCGTGCAAATGGCTTCATCCGACC","Animalia","Ctenophora","Tentaculata","Cydippida",NA,NA,NA
"AAGCGAATGGAGCCAGCAAGGCATCCGGTTTGATTCAGCCGGTGGTCGTCGGCCCCCGCCTTCGGAGATCTTCGGACTTCGCGGGTGACGGCGTCAGCGATTGCCGTGTGCACTTATTCCGGATGCGTGCCAACTTGGCTTGGTGATGGTCGACACGGACGGATGGGAAGGTAACTCCTCTCGGGGAGCGTTATAGCCCTTCGCCCCGGATCATCGCCGAGTGAGGTGTCGCGGTACGTGCTTTCGGGCTTGGACCTCGTGGGCGGTCGGTCGCGCCTTCTGTTGACTGCACGCAGTGAGCGGAGGGACGACGGCAGGCTTCCCGTGGGTGTTCCGTATACGTGCCTAGGAAGTTGGCGTGCAAATGGCTTCATCCGACC","Animalia","Ctenophora","Tentaculata","Cestida","Cestidae","Cestum",NA
"AAGCGAATGGAGCCAGCAAGGCACCCGGTTTGATTCAGCCGGTGGTCGTCGGCCCCCAGCTGTGGAGATCTTTTGACTCTTCGGTTGTCGGCGTCGTTGATTGCCGTGTGCACTTATTCCGGGTGCGTGCCAACTTGGCTTGGTGACGATCAATACGGGCGGATGGGAAGGTATCTTCCTGCGGGGAGTGTTACAGCCCTTCGTCCCAGTTCGTTGTCGAGTGAGGTGTCGCGGTACGTGCTCTTTAGGGCTTGGGCCTCGTGGTTGGTCGGTTGCGCCTTCTGTTGACTGCACGCAGTGAGCGGAGGGACGACGGCAGGCTTTCCGTGGGTGTCCCGTATACGTGCCTAGGAAGTTGGCGTGCAAATGGCTTTATCCGACC","Animalia","Ctenophora","Nuda","Beroida","Beroidae","Beroe",NA
"AAGCGAATGGAGCCAGCAAGGCACTCGGTTTGATTCAGCCGGTGGACGTTTGCCCCCGTCTGCGGAGACCTTCGGGCTCTTCGGGCGACGGCGCTGGCGTTTGCCGTGTGCACTTATTCCGGGTGCGTGCCAACTTGGCTTGGTGACGGTCGAAACGGTCAGATGGGAAGGTAGCTTGCTTCGGTGAGTGTTATAGCCCTTTGTCCTGGATCGTCGCCGAGTGAGGCGTCGCGGTACGTGCTTTCGGGCTTGGGCCTCGTGGGCGGTCGGTCGCGCCTTCTGTTGACTGCACGCAGTGAGCGGAGGGACGACGGCAGGCTTCCCGTGGGTGTCCCGTATAACGTGCCTAGGAAGTTGGCGTGCAAATGGCTTCATCCGACC","Animalia","Ctenophora","Tentaculata","Cydippida","Callianiridae","Callianira",NA
"AAGCGAATGGAGCCAGCAAGGCACTCGGTTTGATTCAGCCGGTGGACGTTTGCCCCCGTTCGTGGAGACCTTCGGGCTCTGCGGGCGACGGCGCAGGCGTTTTACCGTGTGCACTTATTCCGGGTGCGTGCCAACTTGGCTTGGTGACGGTCGAAACGGTCAGATGGGAAGGTAGCTTGCTTCGGTGAGTGTTATAGCCCTTTGTCCTGGATCGTCGCCGAGTGAGGAGTCGCGGTACGTGCTTTCGGGCTTGGGCCTCTTGGGCGGTCGGTCGCGCCTTCTGTTGACTGCACGCAGTGAGCGGAGGGACGACGGCAGGCTTCCCGAGGGTGTCCCGTATACGTGCCTAGGAAGTTGGCGTGCAAATGGCTTCATCCGACC","Animalia","Ctenophora","Tentaculata","Cydippida","Callianiridae","Callianira",NA
"AAGCGAATGGAGCCAGCAAGGCACCCGGTTTGATTCAGCCGGTGGTCGTCGGCCCCCGTGTGTGGCGATCTTCGGACGCTGCTAGCGACGGCGTTGACGGTCACCGTGTGCACTTATTCCGGGTGCGTGCCAACTTGGATTGGGGACGGTCGATACGGTCGGGTGGGAAGGTAACTCCTTCCGAGGAGCGTTACAGCCCCCCGTCCTGGATCGTCGCCGATCGAGGAGCTGCGGTGCGTGCTTTCGGGCTTGGGCCTCGTCGGAGGTTATTCGCGCCTTCTGTTGACTGCACGCAGTGAGCGGAGGGACGACGAGTGGCTTCTTTCGGGTGTCCCGTATACGCGCCTAGGAAGTTGGCGTGCAAATGGCTTTATCCGACC","Animalia","Ctenophora","Tentaculata",NA,NA,NA,NA
"AAGCGAATGGAGCCAGCAAGGCACCCGGTTTGATTCAGCCGGTGGTCGTAGGCCCCCGGCCGTGGAGATCTTTTGACTCTTCGGTTGACGGCGTTTGCGATTGCCGTGTGCACTTATTCCGGGTGCGTGCCAACTTGGCTTGGTGACGATTGACACGGACGGATGGGAAGGTAACTCCCTTCGGGGAGCGTTATAGCCCTTCGTCCTAGATTGTTGTCGAGTGAGGTGTCGCGGTACGTGCTCTCTTTGGGCTTGGGCCTCGTGGGTGGTCGGTCGCGCCTTCTGTTGACTGCACGCAGTGAGCGGAGGGACGACGGCAGGCTTCTCGTGTGTGTCCCGTATACGTGCCTAGGAAGTTGGCGTGCAAATGGCTTCATCCGACC","Animalia","Ctenophora",NA,NA,NA,NA,NA
"AAGCGAATGGAGCCAGCAAGGCACCCTGTTTGATTCAGCCGGTGGTCGTCGGCCCCCAGCTGTGGAGATCTTACGACTCTACGGTTGACGGCGTCGGTGATTGCTGAGTGCACTTATTCAGGGTGCGTGCCAACTTGGCTTGATGACGGTCGATACGGGCGGATGGGAAGGTAACTTCCTTCGGGAAGCATTATAGCCCTTCGTCCCAGATTGTTGTCGAGTGAGGTGTCGCGGTACGTGCTCTTTTGGGCTTGGGCTTCGTGGGTGGTCGGTCGCGCCTTCTGTTGACTGCACGCAGTGAGCGGAGGGACGACGGCAGGCTTCTCGTGGATGTCCCGTATACGTGCCTAGGAAGTTGGCGTGCAAATGGCTTCATCCGACC","Animalia","Ctenophora","Tentaculata","Cydippida","Haeckeliidae","Haeckelia",NA
"AAGCGAATGGAGCCAGCAAGGCACCCGGTCTCATTCAGCCGGTGGGCAGCGGCCCCCGGCCAGCCAGATCCTTCCGGACTGGTTGGTCGACGGCGTTGCGGCTTGCCGTGTGCACTTATTCCGGGTGCGTGCCAACTTGGCTTGGTGACGGCCGACACGGGCGAGGTGGAAGGTAGCTCTCCTCGGGGAGTATTATAGCCCGCTGTCCCGGATCGTCGTCGAGTGAGGTGTTGCGGTACGTGCCTCTTGTGGGCTTGGGCCTCGTTGGTGGTCTGTCACGCCTAGTGTTGACTGCACGCAGTGAGCATTGGGTCGATGGCCGGCTTGCCTGATGGGTGTCCCGTACACGTGCCTAGGAAGTTGGCGTGCAAATGGCTTCATCCGACC","Animalia","Ctenophora","Tentaculata","Cydippida","Pleurobrachiidae",NA,NA
"AAGCGAATGGAGCCAGCAAGGCACTCGGTTTGATTCAGCCGGTGGCCGTCGGCCCCCGTCCGCGGAGATCTTCGGACTTCGCGGGCGACGGCGTTGGCGTTTGCCGTGTGCACTTATTCCGAGTGCGTGCCAACTTGGCTTGGTGACGGTCGAAACGGTCGGATGGGAAGGTAGCTTCCTTCGGGAAGTGTTATAGCCCTTCGTCCCGGATCGTCGCCGAGTGAGGTGTCGCGGTACGTGCTTTCGGGCTTGGGCCCTGTGGGTGGTCGGTTGCGCCTTCTGTTGACTGCACGCAGTGAGCGGAGGGACGACGGCAGGCTTCTCGTGGGTGTCTCGTATACGTGCCTAGGAAGTTGGCGTGCAAATGGCTTCATCCGACC","Animalia","Ctenophora","Tentaculata","Cydippida","Mertensiidae","Mertensia",NA
"AAGCGAATGGAGCCAGCAAGGCACCCGGTCTCATTCAGCCGGTGGGTGCGGGCCCCCGGTCGGCGAGATCCGTTCAGGACTCGTCGGTCGACGGCGTCTGCACTTGCCGTGTGCACTTATTCCGGGTGCGTGTCAACTTGGCTTGCGGACGGTCAACACGAACGGATGGGAAGGTAGCTTGCTCTGGTGAGTGTTATAGCCCGCTGTTCCGGATTGTCGGCGAGTGAGGTGTCGCGGTACGTGCTCTCGGGCTTGGGCCCCGTTGTCGGTCGGTCGCGCCTTCTGTTGACTGCACGCAGTGAGCGGAGGGACGACGGCAGGCTGGCGGTGGGTGTCCCGTAAACGTGCCTAGGAAGTTGACGTGCAAATGGCTTCATCCGACC","Animalia","Ctenophora","Tentaculata",NA,NA,NA,NA
"AAACGAATGGAGCCAGCAAGGCATCCTGTTTGATTCAGCCGGTGGCCGGTAGCCCCCGTCCTGCAGTGATCTTCGGACTCATGTGGGAGACGGCGTTGCTGGTTGCCGTGTGCACTTATTCAGGATGCGTGCCAACTTGGCTTGGTGACGGTCAACACGGTCGTATGGGAAGGTAGCTCTCCTCGGGGAGTATTATAGCCCTTCGTCCCGGATCGTCGCCGAGTGAGGTGTCGCGGTACGTGCTTTCGGGCTTGGGCCCTGTGGGTGGTCGGTTGCGCCTTCTGTTGACTGCACGCAGTGAGCGGAGGGACGACGGCAGGCTTCTCGTGGGTGTCCCGTATACGTGCCTAGGAAGTTGGCGTGCAAATGGCTTTATCCGACC","Animalia","Ctenophora","Tentaculata","Cydippida","Pleurobrachiidae",NA,NA
